fips,therapy_id,one_way_miles,nearest_center_id,source_id
06075,zolgensma,8,ucsf,travel_standin
06075,casgevy,8,ucsf,travel_standin
06075,luxturna,8,ucsf,travel_standin
06037,zolgensma,380,ucsf,travel_standin
06037,casgevy,380,ucsf,travel_standin
06037,luxturna,380,ucsf,travel_standin
06001,zolgensma,12,ucsf,travel_standin
06001,casgevy,12,ucsf,travel_standin
06001,luxturna,12,ucsf,travel_standin
06049,zolgensma,280,ucsf,travel_standin
06049,casgevy,280,ucsf,travel_standin
06049,luxturna,280,ucsf,travel_standin
48201,zolgensma,14,tch,travel_standin
48201,casgevy,14,tch,travel_standin
48201,luxturna,1640,ucsf,travel_standin
48105,zolgensma,360,tch,travel_standin
48105,casgevy,360,tch,travel_standin
48105,luxturna,1680,ucsf,travel_standin
48029,zolgensma,190,tch,travel_standin
48029,casgevy,190,tch,travel_standin
48029,luxturna,1550,ucsf,travel_standin
48453,zolgensma,160,tch,travel_standin
48453,casgevy,160,tch,travel_standin
48453,luxturna,1520,ucsf,travel_standin
54047,zolgensma,280,cchmc,travel_standin
54047,casgevy,280,cchmc,travel_standin
54047,luxturna,280,cchmc,travel_standin
54021,zolgensma,220,cchmc,travel_standin
54021,casgevy,220,cchmc,travel_standin
54021,luxturna,220,cchmc,travel_standin
54039,zolgensma,180,cchmc,travel_standin
54039,casgevy,180,cchmc,travel_standin
54039,luxturna,180,cchmc,travel_standin
54013,zolgensma,210,cchmc,travel_standin
54013,casgevy,210,cchmc,travel_standin
54013,luxturna,210,cchmc,travel_standin
